case_id,system,pair_type,condition,source_slot,take,reliability_only,decision,predicted_offset_s,gt_offset_s,outcome_at_0.05,outcome_at_0.1,outcome_at_0.15,abs_error_s_at_0.1
final01__positive,gcc_phat_argmax_v1,POSITIVE,ORDINARY,S01,final01,False,ACCEPT,-58.079125,3.8156666666666665,WRONG_ACCEPT,WRONG_ACCEPT,WRONG_ACCEPT,61.89479166666666
final01__positive,ncc_argmax_v1,POSITIVE,ORDINARY,S01,final01,False,ACCEPT,3.8169166666666667,3.8156666666666665,CORRECT_ACCEPT,CORRECT_ACCEPT,CORRECT_ACCEPT,0.0012500000000001954
final01__positive,panako_fingerprint,POSITIVE,ORDINARY,S01,final01,False,ACCEPT,3.8240000000000003,3.8156666666666665,CORRECT_ACCEPT,CORRECT_ACCEPT,CORRECT_ACCEPT,0.008333333333333748
final01__positive,rhythmalign_v1_2_0,POSITIVE,ORDINARY,S01,final01,False,ACCEPT,3.8080725623582765,3.8156666666666665,CORRECT_ACCEPT,CORRECT_ACCEPT,CORRECT_ACCEPT,0.007594104308390026
final01__wrong_ref,gcc_phat_argmax_v1,WRONG_REFERENCE,ORDINARY,S01,final01,False,ACCEPT,-63.2593125,,WRONG_ACCEPT,WRONG_ACCEPT,WRONG_ACCEPT,
final01__wrong_ref,ncc_argmax_v1,WRONG_REFERENCE,ORDINARY,S01,final01,False,ACCEPT,-143.7196875,,WRONG_ACCEPT,WRONG_ACCEPT,WRONG_ACCEPT,
final01__wrong_ref,panako_fingerprint,WRONG_REFERENCE,ORDINARY,S01,final01,False,NO_MATCH,,,SAFE_ABSTAIN,SAFE_ABSTAIN,SAFE_ABSTAIN,
final01__wrong_ref,rhythmalign_v1_2_0,WRONG_REFERENCE,ORDINARY,S01,final01,False,ABSTAIN,,,SAFE_ABSTAIN,SAFE_ABSTAIN,SAFE_ABSTAIN,
final02__positive,gcc_phat_argmax_v1,POSITIVE,ORDINARY,S02,final02,False,ACCEPT,2.977875,2.978083333333333,CORRECT_ACCEPT,CORRECT_ACCEPT,CORRECT_ACCEPT,0.00020833333333314386
final02__positive,ncc_argmax_v1,POSITIVE,ORDINARY,S02,final02,False,ACCEPT,63.31175,2.978083333333333,WRONG_ACCEPT,WRONG_ACCEPT,WRONG_ACCEPT,60.33366666666667
final02__positive,panako_fingerprint,POSITIVE,ORDINARY,S02,final02,False,ACCEPT,3.0,2.978083333333333,CORRECT_ACCEPT,CORRECT_ACCEPT,CORRECT_ACCEPT,0.021916666666666806
final02__positive,rhythmalign_v1_2_0,POSITIVE,ORDINARY,S02,final02,False,ACCEPT,2.972154195011338,2.978083333333333,CORRECT_ACCEPT,CORRECT_ACCEPT,CORRECT_ACCEPT,0.005929138321995264
final02__wrong_ref,gcc_phat_argmax_v1,WRONG_REFERENCE,ORDINARY,S02,final02,False,ACCEPT,-76.36410416666666,,WRONG_ACCEPT,WRONG_ACCEPT,WRONG_ACCEPT,
final02__wrong_ref,ncc_argmax_v1,WRONG_REFERENCE,ORDINARY,S02,final02,False,ACCEPT,-149.0903125,,WRONG_ACCEPT,WRONG_ACCEPT,WRONG_ACCEPT,
final02__wrong_ref,panako_fingerprint,WRONG_REFERENCE,ORDINARY,S02,final02,False,NO_MATCH,,,SAFE_ABSTAIN,SAFE_ABSTAIN,SAFE_ABSTAIN,
final02__wrong_ref,rhythmalign_v1_2_0,WRONG_REFERENCE,ORDINARY,S02,final02,False,ABSTAIN,,,SAFE_ABSTAIN,SAFE_ABSTAIN,SAFE_ABSTAIN,
final03__positive,gcc_phat_argmax_v1,POSITIVE,ORDINARY,S03,final03,False,ACCEPT,2.96025,2.9564791666666665,CORRECT_ACCEPT,CORRECT_ACCEPT,CORRECT_ACCEPT,0.003770833333333279
final03__positive,ncc_argmax_v1,POSITIVE,ORDINARY,S03,final03,False,ACCEPT,2.960375,2.9564791666666665,CORRECT_ACCEPT,CORRECT_ACCEPT,CORRECT_ACCEPT,0.0038958333333334316
final03__positive,panako_fingerprint,POSITIVE,ORDINARY,S03,final03,False,NO_MATCH,,2.9564791666666665,SAFE_ABSTAIN,SAFE_ABSTAIN,SAFE_ABSTAIN,
final03__positive,rhythmalign_v1_2_0,POSITIVE,ORDINARY,S03,final03,False,ACCEPT,2.972154195011338,2.9564791666666665,CORRECT_ACCEPT,CORRECT_ACCEPT,CORRECT_ACCEPT,0.015675028344671382
final03__wrong_ref,gcc_phat_argmax_v1,WRONG_REFERENCE,ORDINARY,S03,final03,False,ACCEPT,-68.59814583333333,,WRONG_ACCEPT,WRONG_ACCEPT,WRONG_ACCEPT,
final03__wrong_ref,ncc_argmax_v1,WRONG_REFERENCE,ORDINARY,S03,final03,False,ACCEPT,-76.5699375,,WRONG_ACCEPT,WRONG_ACCEPT,WRONG_ACCEPT,
final03__wrong_ref,panako_fingerprint,WRONG_REFERENCE,ORDINARY,S03,final03,False,NO_MATCH,,,SAFE_ABSTAIN,SAFE_ABSTAIN,SAFE_ABSTAIN,
final03__wrong_ref,rhythmalign_v1_2_0,WRONG_REFERENCE,ORDINARY,S03,final03,False,ABSTAIN,,,SAFE_ABSTAIN,SAFE_ABSTAIN,SAFE_ABSTAIN,
final04__positive,gcc_phat_argmax_v1,POSITIVE,ORDINARY,S04,final04,False,ACCEPT,7.6751875,7.675416666666667,CORRECT_ACCEPT,CORRECT_ACCEPT,CORRECT_ACCEPT,0.00022916666666716878
final04__positive,ncc_argmax_v1,POSITIVE,ORDINARY,S04,final04,False,ACCEPT,7.679291666666667,7.675416666666667,CORRECT_ACCEPT,CORRECT_ACCEPT,CORRECT_ACCEPT,0.003874999999999851
final04__positive,panako_fingerprint,POSITIVE,ORDINARY,S04,final04,False,NO_MATCH,,7.675416666666667,SAFE_ABSTAIN,SAFE_ABSTAIN,SAFE_ABSTAIN,
final04__positive,rhythmalign_v1_2_0,POSITIVE,ORDINARY,S04,final04,False,ACCEPT,7.685804988662132,7.675416666666667,CORRECT_ACCEPT,CORRECT_ACCEPT,CORRECT_ACCEPT,0.0103883219954648
final04__wrong_ref,gcc_phat_argmax_v1,WRONG_REFERENCE,ORDINARY,S04,final04,False,ACCEPT,-65.20135416666666,,WRONG_ACCEPT,WRONG_ACCEPT,WRONG_ACCEPT,
final04__wrong_ref,ncc_argmax_v1,WRONG_REFERENCE,ORDINARY,S04,final04,False,ACCEPT,62.89604166666667,,WRONG_ACCEPT,WRONG_ACCEPT,WRONG_ACCEPT,
final04__wrong_ref,panako_fingerprint,WRONG_REFERENCE,ORDINARY,S04,final04,False,NO_MATCH,,,SAFE_ABSTAIN,SAFE_ABSTAIN,SAFE_ABSTAIN,
final04__wrong_ref,rhythmalign_v1_2_0,WRONG_REFERENCE,ORDINARY,S04,final04,False,ABSTAIN,,,SAFE_ABSTAIN,SAFE_ABSTAIN,SAFE_ABSTAIN,
final05__positive,gcc_phat_argmax_v1,POSITIVE,ORDINARY,S05,final05,False,ACCEPT,-69.82227083333333,3.0545,WRONG_ACCEPT,WRONG_ACCEPT,WRONG_ACCEPT,72.87677083333334
final05__positive,ncc_argmax_v1,POSITIVE,ORDINARY,S05,final05,False,ACCEPT,3.058291666666667,3.0545,CORRECT_ACCEPT,CORRECT_ACCEPT,CORRECT_ACCEPT,0.0037916666666668597
final05__positive,panako_fingerprint,POSITIVE,ORDINARY,S05,final05,False,NO_MATCH,,3.0545,SAFE_ABSTAIN,SAFE_ABSTAIN,SAFE_ABSTAIN,
final05__positive,rhythmalign_v1_2_0,POSITIVE,ORDINARY,S05,final05,False,ACCEPT,3.0650340136054424,3.0545,CORRECT_ACCEPT,CORRECT_ACCEPT,CORRECT_ACCEPT,0.010534013605442372
final05__wrong_ref,gcc_phat_argmax_v1,WRONG_REFERENCE,ORDINARY,S05,final05,False,ACCEPT,-132.57204166666668,,WRONG_ACCEPT,WRONG_ACCEPT,WRONG_ACCEPT,
final05__wrong_ref,ncc_argmax_v1,WRONG_REFERENCE,ORDINARY,S05,final05,False,ACCEPT,58.695083333333336,,WRONG_ACCEPT,WRONG_ACCEPT,WRONG_ACCEPT,
final05__wrong_ref,panako_fingerprint,WRONG_REFERENCE,ORDINARY,S05,final05,False,NO_MATCH,,,SAFE_ABSTAIN,SAFE_ABSTAIN,SAFE_ABSTAIN,
final05__wrong_ref,rhythmalign_v1_2_0,WRONG_REFERENCE,ORDINARY,S05,final05,False,ABSTAIN,,,SAFE_ABSTAIN,SAFE_ABSTAIN,SAFE_ABSTAIN,
final06__positive,gcc_phat_argmax_v1,POSITIVE,ORDINARY,S06,final06,False,ACCEPT,3.436625,3.436875,CORRECT_ACCEPT,CORRECT_ACCEPT,CORRECT_ACCEPT,0.00025000000000030553
final06__positive,ncc_argmax_v1,POSITIVE,ORDINARY,S06,final06,False,ACCEPT,3.4406041666666667,3.436875,CORRECT_ACCEPT,CORRECT_ACCEPT,CORRECT_ACCEPT,0.0037291666666665613
final06__positive,panako_fingerprint,POSITIVE,ORDINARY,S06,final06,False,NO_MATCH,,3.436875,SAFE_ABSTAIN,SAFE_ABSTAIN,SAFE_ABSTAIN,
final06__positive,rhythmalign_v1_2_0,POSITIVE,ORDINARY,S06,final06,False,ACCEPT,3.436553287981859,3.436875,CORRECT_ACCEPT,CORRECT_ACCEPT,CORRECT_ACCEPT,0.0003217120181409072
final06__wrong_ref,gcc_phat_argmax_v1,WRONG_REFERENCE,ORDINARY,S06,final06,False,ACCEPT,-49.75125,,WRONG_ACCEPT,WRONG_ACCEPT,WRONG_ACCEPT,
final06__wrong_ref,ncc_argmax_v1,WRONG_REFERENCE,ORDINARY,S06,final06,False,ACCEPT,50.02827083333333,,WRONG_ACCEPT,WRONG_ACCEPT,WRONG_ACCEPT,
final06__wrong_ref,panako_fingerprint,WRONG_REFERENCE,ORDINARY,S06,final06,False,NO_MATCH,,,SAFE_ABSTAIN,SAFE_ABSTAIN,SAFE_ABSTAIN,
final06__wrong_ref,rhythmalign_v1_2_0,WRONG_REFERENCE,ORDINARY,S06,final06,False,ABSTAIN,,,SAFE_ABSTAIN,SAFE_ABSTAIN,SAFE_ABSTAIN,
final07__positive,gcc_phat_argmax_v1,POSITIVE,ORDINARY,S07,final07,False,ACCEPT,-50.27285416666667,2.9152708333333335,WRONG_ACCEPT,WRONG_ACCEPT,WRONG_ACCEPT,53.188125
final07__positive,ncc_argmax_v1,POSITIVE,ORDINARY,S07,final07,False,ACCEPT,2.919208333333333,2.9152708333333335,CORRECT_ACCEPT,CORRECT_ACCEPT,CORRECT_ACCEPT,0.003937499999999705
final07__positive,panako_fingerprint,POSITIVE,ORDINARY,S07,final07,False,NO_MATCH,,2.9152708333333335,SAFE_ABSTAIN,SAFE_ABSTAIN,SAFE_ABSTAIN,
final07__positive,rhythmalign_v1_2_0,POSITIVE,ORDINARY,S07,final07,False,ACCEPT,2.9257142857142857,2.9152708333333335,CORRECT_ACCEPT,CORRECT_ACCEPT,CORRECT_ACCEPT,0.010443452380952234
final07__wrong_ref,gcc_phat_argmax_v1,WRONG_REFERENCE,ORDINARY,S07,final07,False,ACCEPT,32.22770833333333,,WRONG_ACCEPT,WRONG_ACCEPT,WRONG_ACCEPT,
final07__wrong_ref,ncc_argmax_v1,WRONG_REFERENCE,ORDINARY,S07,final07,False,ACCEPT,-151.5545,,WRONG_ACCEPT,WRONG_ACCEPT,WRONG_ACCEPT,
final07__wrong_ref,panako_fingerprint,WRONG_REFERENCE,ORDINARY,S07,final07,False,NO_MATCH,,,SAFE_ABSTAIN,SAFE_ABSTAIN,SAFE_ABSTAIN,
final07__wrong_ref,rhythmalign_v1_2_0,WRONG_REFERENCE,ORDINARY,S07,final07,False,ABSTAIN,,,SAFE_ABSTAIN,SAFE_ABSTAIN,SAFE_ABSTAIN,
final08__positive,gcc_phat_argmax_v1,POSITIVE,ORDINARY,S08,final08,False,ACCEPT,33.596041666666665,4.2835833333333335,WRONG_ACCEPT,WRONG_ACCEPT,WRONG_ACCEPT,29.312458333333332
final08__positive,ncc_argmax_v1,POSITIVE,ORDINARY,S08,final08,False,ACCEPT,4.2872916666666665,4.2835833333333335,CORRECT_ACCEPT,CORRECT_ACCEPT,CORRECT_ACCEPT,0.0037083333333329804
final08__positive,panako_fingerprint,POSITIVE,ORDINARY,S08,final08,False,NO_MATCH,,4.2835833333333335,SAFE_ABSTAIN,SAFE_ABSTAIN,SAFE_ABSTAIN,
final08__positive,rhythmalign_v1_2_0,POSITIVE,ORDINARY,S08,final08,False,ABSTAIN,,4.2835833333333335,SAFE_ABSTAIN,SAFE_ABSTAIN,SAFE_ABSTAIN,
final08__wrong_ref,gcc_phat_argmax_v1,WRONG_REFERENCE,ORDINARY,S08,final08,False,ACCEPT,-41.7100625,,WRONG_ACCEPT,WRONG_ACCEPT,WRONG_ACCEPT,
final08__wrong_ref,ncc_argmax_v1,WRONG_REFERENCE,ORDINARY,S08,final08,False,ACCEPT,-148.545,,WRONG_ACCEPT,WRONG_ACCEPT,WRONG_ACCEPT,
final08__wrong_ref,panako_fingerprint,WRONG_REFERENCE,ORDINARY,S08,final08,False,NO_MATCH,,,SAFE_ABSTAIN,SAFE_ABSTAIN,SAFE_ABSTAIN,
final08__wrong_ref,rhythmalign_v1_2_0,WRONG_REFERENCE,ORDINARY,S08,final08,False,ABSTAIN,,,SAFE_ABSTAIN,SAFE_ABSTAIN,SAFE_ABSTAIN,
final09__positive,gcc_phat_argmax_v1,POSITIVE,ORDINARY,S09,final09,False,ACCEPT,-43.445395833333336,2.54825,WRONG_ACCEPT,WRONG_ACCEPT,WRONG_ACCEPT,45.99364583333334
final09__positive,ncc_argmax_v1,POSITIVE,ORDINARY,S09,final09,False,ACCEPT,2.5519583333333333,2.54825,CORRECT_ACCEPT,CORRECT_ACCEPT,CORRECT_ACCEPT,0.0037083333333334245
final09__positive,panako_fingerprint,POSITIVE,ORDINARY,S09,final09,False,NO_MATCH,,2.54825,SAFE_ABSTAIN,SAFE_ABSTAIN,SAFE_ABSTAIN,
final09__positive,rhythmalign_v1_2_0,POSITIVE,ORDINARY,S09,final09,False,ACCEPT,2.5541950113378684,2.54825,CORRECT_ACCEPT,CORRECT_ACCEPT,CORRECT_ACCEPT,0.005945011337868511
final09__wrong_ref,gcc_phat_argmax_v1,WRONG_REFERENCE,ORDINARY,S09,final09,False,ACCEPT,-73.48997916666667,,WRONG_ACCEPT,WRONG_ACCEPT,WRONG_ACCEPT,
final09__wrong_ref,ncc_argmax_v1,WRONG_REFERENCE,ORDINARY,S09,final09,False,ACCEPT,-149.13735416666665,,WRONG_ACCEPT,WRONG_ACCEPT,WRONG_ACCEPT,
final09__wrong_ref,panako_fingerprint,WRONG_REFERENCE,ORDINARY,S09,final09,False,NO_MATCH,,,SAFE_ABSTAIN,SAFE_ABSTAIN,SAFE_ABSTAIN,
final09__wrong_ref,rhythmalign_v1_2_0,WRONG_REFERENCE,ORDINARY,S09,final09,False,ABSTAIN,,,SAFE_ABSTAIN,SAFE_ABSTAIN,SAFE_ABSTAIN,
final10__positive,gcc_phat_argmax_v1,POSITIVE,ORDINARY,S10,final10,False,ACCEPT,3.463416666666667,3.4631041666666667,CORRECT_ACCEPT,CORRECT_ACCEPT,CORRECT_ACCEPT,0.00031250000000015987
final10__positive,ncc_argmax_v1,POSITIVE,ORDINARY,S10,final10,False,ACCEPT,3.466854166666667,3.4631041666666667,CORRECT_ACCEPT,CORRECT_ACCEPT,CORRECT_ACCEPT,0.003750000000000142
final10__positive,panako_fingerprint,POSITIVE,ORDINARY,S10,final10,False,NO_MATCH,,3.4631041666666667,SAFE_ABSTAIN,SAFE_ABSTAIN,SAFE_ABSTAIN,
final10__positive,rhythmalign_v1_2_0,POSITIVE,ORDINARY,S10,final10,False,ACCEPT,3.4597732426303853,3.4631041666666667,CORRECT_ACCEPT,CORRECT_ACCEPT,CORRECT_ACCEPT,0.003330924036281324
final10__wrong_ref,gcc_phat_argmax_v1,WRONG_REFERENCE,ORDINARY,S10,final10,False,ACCEPT,-57.398520833333336,,WRONG_ACCEPT,WRONG_ACCEPT,WRONG_ACCEPT,
final10__wrong_ref,ncc_argmax_v1,WRONG_REFERENCE,ORDINARY,S10,final10,False,ACCEPT,62.915479166666664,,WRONG_ACCEPT,WRONG_ACCEPT,WRONG_ACCEPT,
final10__wrong_ref,panako_fingerprint,WRONG_REFERENCE,ORDINARY,S10,final10,False,NO_MATCH,,,SAFE_ABSTAIN,SAFE_ABSTAIN,SAFE_ABSTAIN,
final10__wrong_ref,rhythmalign_v1_2_0,WRONG_REFERENCE,ORDINARY,S10,final10,False,ABSTAIN,,,SAFE_ABSTAIN,SAFE_ABSTAIN,SAFE_ABSTAIN,
final11__positive,gcc_phat_argmax_v1,POSITIVE,LOW_LEVEL,S01,final11,False,ACCEPT,-59.00420833333333,2.8905625,WRONG_ACCEPT,WRONG_ACCEPT,WRONG_ACCEPT,61.89477083333333
final11__positive,ncc_argmax_v1,POSITIVE,LOW_LEVEL,S01,final11,False,ACCEPT,2.8941666666666666,2.8905625,CORRECT_ACCEPT,CORRECT_ACCEPT,CORRECT_ACCEPT,0.0036041666666664085
final11__positive,panako_fingerprint,POSITIVE,LOW_LEVEL,S01,final11,False,NO_MATCH,,2.8905625,SAFE_ABSTAIN,SAFE_ABSTAIN,SAFE_ABSTAIN,
final11__positive,rhythmalign_v1_2_0,POSITIVE,LOW_LEVEL,S01,final11,False,ACCEPT,2.9024943310657596,2.8905625,CORRECT_ACCEPT,CORRECT_ACCEPT,CORRECT_ACCEPT,0.011931831065759457
final11__wrong_ref,gcc_phat_argmax_v1,WRONG_REFERENCE,LOW_LEVEL,S01,final11,False,ACCEPT,5.334208333333334,,WRONG_ACCEPT,WRONG_ACCEPT,WRONG_ACCEPT,
final11__wrong_ref,ncc_argmax_v1,WRONG_REFERENCE,LOW_LEVEL,S01,final11,False,ACCEPT,62.32389583333333,,WRONG_ACCEPT,WRONG_ACCEPT,WRONG_ACCEPT,
final11__wrong_ref,panako_fingerprint,WRONG_REFERENCE,LOW_LEVEL,S01,final11,False,NO_MATCH,,,SAFE_ABSTAIN,SAFE_ABSTAIN,SAFE_ABSTAIN,
final11__wrong_ref,rhythmalign_v1_2_0,WRONG_REFERENCE,LOW_LEVEL,S01,final11,False,ABSTAIN,,,SAFE_ABSTAIN,SAFE_ABSTAIN,SAFE_ABSTAIN,
final12__positive,gcc_phat_argmax_v1,POSITIVE,TAP_DOMINANT,S02,final12,False,ACCEPT,2.7314583333333333,2.7316666666666665,CORRECT_ACCEPT,CORRECT_ACCEPT,CORRECT_ACCEPT,0.00020833333333314386
final12__positive,ncc_argmax_v1,POSITIVE,TAP_DOMINANT,S02,final12,False,ACCEPT,2.7355833333333335,2.7316666666666665,CORRECT_ACCEPT,CORRECT_ACCEPT,CORRECT_ACCEPT,0.0039166666666670125
final12__positive,panako_fingerprint,POSITIVE,TAP_DOMINANT,S02,final12,False,NO_MATCH,,2.7316666666666665,SAFE_ABSTAIN,SAFE_ABSTAIN,SAFE_ABSTAIN,
final12__positive,rhythmalign_v1_2_0,POSITIVE,TAP_DOMINANT,S02,final12,False,ACCEPT,2.7399546485260773,2.7316666666666665,CORRECT_ACCEPT,CORRECT_ACCEPT,CORRECT_ACCEPT,0.00828798185941082
final12__wrong_ref,gcc_phat_argmax_v1,WRONG_REFERENCE,TAP_DOMINANT,S02,final12,False,ACCEPT,-76.6105,,WRONG_ACCEPT,WRONG_ACCEPT,WRONG_ACCEPT,
final12__wrong_ref,ncc_argmax_v1,WRONG_REFERENCE,TAP_DOMINANT,S02,final12,False,ACCEPT,-128.70714583333333,,WRONG_ACCEPT,WRONG_ACCEPT,WRONG_ACCEPT,
final12__wrong_ref,panako_fingerprint,WRONG_REFERENCE,TAP_DOMINANT,S02,final12,False,NO_MATCH,,,SAFE_ABSTAIN,SAFE_ABSTAIN,SAFE_ABSTAIN,
final12__wrong_ref,rhythmalign_v1_2_0,WRONG_REFERENCE,TAP_DOMINANT,S02,final12,False,ABSTAIN,,,SAFE_ABSTAIN,SAFE_ABSTAIN,SAFE_ABSTAIN,
final13__positive,gcc_phat_argmax_v1,POSITIVE,LOW_LEVEL,S03,final13,False,ACCEPT,2.6361666666666665,2.635854166666667,CORRECT_ACCEPT,CORRECT_ACCEPT,CORRECT_ACCEPT,0.0003124999999997158
final13__positive,ncc_argmax_v1,POSITIVE,LOW_LEVEL,S03,final13,False,ACCEPT,2.6397708333333334,2.635854166666667,CORRECT_ACCEPT,CORRECT_ACCEPT,CORRECT_ACCEPT,0.003916666666666568
final13__positive,panako_fingerprint,POSITIVE,LOW_LEVEL,S03,final13,False,NO_MATCH,,2.635854166666667,SAFE_ABSTAIN,SAFE_ABSTAIN,SAFE_ABSTAIN,
final13__positive,rhythmalign_v1_2_0,POSITIVE,LOW_LEVEL,S03,final13,False,ACCEPT,2.647074829931973,2.635854166666667,CORRECT_ACCEPT,CORRECT_ACCEPT,CORRECT_ACCEPT,0.011220663265306019
final13__wrong_ref,gcc_phat_argmax_v1,WRONG_REFERENCE,LOW_LEVEL,S03,final13,False,ACCEPT,-30.424416666666666,,WRONG_ACCEPT,WRONG_ACCEPT,WRONG_ACCEPT,
final13__wrong_ref,ncc_argmax_v1,WRONG_REFERENCE,LOW_LEVEL,S03,final13,False,ACCEPT,63.33891666666667,,WRONG_ACCEPT,WRONG_ACCEPT,WRONG_ACCEPT,
final13__wrong_ref,panako_fingerprint,WRONG_REFERENCE,LOW_LEVEL,S03,final13,False,NO_MATCH,,,SAFE_ABSTAIN,SAFE_ABSTAIN,SAFE_ABSTAIN,
final13__wrong_ref,rhythmalign_v1_2_0,WRONG_REFERENCE,LOW_LEVEL,S03,final13,False,ABSTAIN,,,SAFE_ABSTAIN,SAFE_ABSTAIN,SAFE_ABSTAIN,
final14__positive,gcc_phat_argmax_v1,POSITIVE,TAP_DOMINANT,S04,final14,False,ACCEPT,-8.687104166666666,2.86775,WRONG_ACCEPT,WRONG_ACCEPT,WRONG_ACCEPT,11.554854166666665
final14__positive,ncc_argmax_v1,POSITIVE,TAP_DOMINANT,S04,final14,False,ACCEPT,2.8716458333333335,2.86775,CORRECT_ACCEPT,CORRECT_ACCEPT,CORRECT_ACCEPT,0.0038958333333334316
final14__positive,panako_fingerprint,POSITIVE,TAP_DOMINANT,S04,final14,False,NO_MATCH,,2.86775,SAFE_ABSTAIN,SAFE_ABSTAIN,SAFE_ABSTAIN,
final14__positive,rhythmalign_v1_2_0,POSITIVE,TAP_DOMINANT,S04,final14,False,ACCEPT,2.8792743764172335,2.86775,CORRECT_ACCEPT,CORRECT_ACCEPT,CORRECT_ACCEPT,0.011524376417233473
final14__wrong_ref,gcc_phat_argmax_v1,WRONG_REFERENCE,TAP_DOMINANT,S04,final14,False,ACCEPT,-70.00895833333334,,WRONG_ACCEPT,WRONG_ACCEPT,WRONG_ACCEPT,
final14__wrong_ref,ncc_argmax_v1,WRONG_REFERENCE,TAP_DOMINANT,S04,final14,False,ACCEPT,-155.57997916666667,,WRONG_ACCEPT,WRONG_ACCEPT,WRONG_ACCEPT,
final14__wrong_ref,panako_fingerprint,WRONG_REFERENCE,TAP_DOMINANT,S04,final14,False,NO_MATCH,,,SAFE_ABSTAIN,SAFE_ABSTAIN,SAFE_ABSTAIN,
final14__wrong_ref,rhythmalign_v1_2_0,WRONG_REFERENCE,TAP_DOMINANT,S04,final14,False,ABSTAIN,,,SAFE_ABSTAIN,SAFE_ABSTAIN,SAFE_ABSTAIN,
final15__positive,gcc_phat_argmax_v1,POSITIVE,LOW_LEVEL,S05,final15,False,ACCEPT,2.4270416666666668,2.42725,CORRECT_ACCEPT,CORRECT_ACCEPT,CORRECT_ACCEPT,0.00020833333333314386
final15__positive,ncc_argmax_v1,POSITIVE,LOW_LEVEL,S05,final15,False,ACCEPT,2.4310625,2.42725,CORRECT_ACCEPT,CORRECT_ACCEPT,CORRECT_ACCEPT,0.0038124999999999964
final15__positive,panako_fingerprint,POSITIVE,LOW_LEVEL,S05,final15,False,NO_MATCH,,2.42725,SAFE_ABSTAIN,SAFE_ABSTAIN,SAFE_ABSTAIN,
final15__positive,rhythmalign_v1_2_0,POSITIVE,LOW_LEVEL,S05,final15,False,ACCEPT,2.4380952380952383,2.42725,CORRECT_ACCEPT,CORRECT_ACCEPT,CORRECT_ACCEPT,0.010845238095238408
final15__wrong_ref,gcc_phat_argmax_v1,WRONG_REFERENCE,LOW_LEVEL,S05,final15,False,ACCEPT,-132.73025,,WRONG_ACCEPT,WRONG_ACCEPT,WRONG_ACCEPT,
final15__wrong_ref,ncc_argmax_v1,WRONG_REFERENCE,LOW_LEVEL,S05,final15,False,ACCEPT,60.465125,,WRONG_ACCEPT,WRONG_ACCEPT,WRONG_ACCEPT,
final15__wrong_ref,panako_fingerprint,WRONG_REFERENCE,LOW_LEVEL,S05,final15,False,NO_MATCH,,,SAFE_ABSTAIN,SAFE_ABSTAIN,SAFE_ABSTAIN,
final15__wrong_ref,rhythmalign_v1_2_0,WRONG_REFERENCE,LOW_LEVEL,S05,final15,False,ABSTAIN,,,SAFE_ABSTAIN,SAFE_ABSTAIN,SAFE_ABSTAIN,
final16__positive,gcc_phat_argmax_v1,POSITIVE,TAP_DOMINANT,S06,final16,False,ACCEPT,4.2056875,4.205895833333333,CORRECT_ACCEPT,CORRECT_ACCEPT,CORRECT_ACCEPT,0.00020833333333314386
final16__positive,ncc_argmax_v1,POSITIVE,TAP_DOMINANT,S06,final16,False,ACCEPT,4.209604166666667,4.205895833333333,CORRECT_ACCEPT,CORRECT_ACCEPT,CORRECT_ACCEPT,0.0037083333333338686
final16__positive,panako_fingerprint,POSITIVE,TAP_DOMINANT,S06,final16,False,NO_MATCH,,4.205895833333333,SAFE_ABSTAIN,SAFE_ABSTAIN,SAFE_ABSTAIN,
final16__positive,rhythmalign_v1_2_0,POSITIVE,TAP_DOMINANT,S06,final16,False,ACCEPT,4.20281179138322,4.205895833333333,CORRECT_ACCEPT,CORRECT_ACCEPT,CORRECT_ACCEPT,0.0030840419501130256
final16__wrong_ref,gcc_phat_argmax_v1,WRONG_REFERENCE,TAP_DOMINANT,S06,final16,False,ACCEPT,-48.982166666666664,,WRONG_ACCEPT,WRONG_ACCEPT,WRONG_ACCEPT,
final16__wrong_ref,ncc_argmax_v1,WRONG_REFERENCE,TAP_DOMINANT,S06,final16,False,ACCEPT,61.345375,,WRONG_ACCEPT,WRONG_ACCEPT,WRONG_ACCEPT,
final16__wrong_ref,panako_fingerprint,WRONG_REFERENCE,TAP_DOMINANT,S06,final16,False,NO_MATCH,,,SAFE_ABSTAIN,SAFE_ABSTAIN,SAFE_ABSTAIN,
final16__wrong_ref,rhythmalign_v1_2_0,WRONG_REFERENCE,TAP_DOMINANT,S06,final16,False,ABSTAIN,,,SAFE_ABSTAIN,SAFE_ABSTAIN,SAFE_ABSTAIN,
final17__positive,gcc_phat_argmax_v1,POSITIVE,INTERFERENCE,S07,final17,False,ACCEPT,-110.8223125,2.3655,WRONG_ACCEPT,WRONG_ACCEPT,WRONG_ACCEPT,113.18781249999999
final17__positive,ncc_argmax_v1,POSITIVE,INTERFERENCE,S07,final17,False,ACCEPT,2.3678958333333333,2.3655,CORRECT_ACCEPT,CORRECT_ACCEPT,CORRECT_ACCEPT,0.0023958333333333748
final17__positive,panako_fingerprint,POSITIVE,INTERFERENCE,S07,final17,False,NO_MATCH,,2.3655,SAFE_ABSTAIN,SAFE_ABSTAIN,SAFE_ABSTAIN,
final17__positive,rhythmalign_v1_2_0,POSITIVE,INTERFERENCE,S07,final17,False,ACCEPT,2.36843537414966,2.3655,CORRECT_ACCEPT,CORRECT_ACCEPT,CORRECT_ACCEPT,0.0029353741496600527
final17__wrong_ref,gcc_phat_argmax_v1,WRONG_REFERENCE,INTERFERENCE,S07,final17,False,ACCEPT,-28.32175,,WRONG_ACCEPT,WRONG_ACCEPT,WRONG_ACCEPT,
final17__wrong_ref,ncc_argmax_v1,WRONG_REFERENCE,INTERFERENCE,S07,final17,False,ACCEPT,-151.43895833333335,,WRONG_ACCEPT,WRONG_ACCEPT,WRONG_ACCEPT,
final17__wrong_ref,panako_fingerprint,WRONG_REFERENCE,INTERFERENCE,S07,final17,False,NO_MATCH,,,SAFE_ABSTAIN,SAFE_ABSTAIN,SAFE_ABSTAIN,
final17__wrong_ref,rhythmalign_v1_2_0,WRONG_REFERENCE,INTERFERENCE,S07,final17,False,ABSTAIN,,,SAFE_ABSTAIN,SAFE_ABSTAIN,SAFE_ABSTAIN,
final18__positive,gcc_phat_argmax_v1,POSITIVE,INTERFERENCE,S08,final18,False,ACCEPT,31.702604166666667,2.388125,WRONG_ACCEPT,WRONG_ACCEPT,WRONG_ACCEPT,29.31447916666667
final18__positive,ncc_argmax_v1,POSITIVE,INTERFERENCE,S08,final18,False,ACCEPT,-150.9948125,2.388125,WRONG_ACCEPT,WRONG_ACCEPT,WRONG_ACCEPT,153.3829375
final18__positive,panako_fingerprint,POSITIVE,INTERFERENCE,S08,final18,False,NO_MATCH,,2.388125,SAFE_ABSTAIN,SAFE_ABSTAIN,SAFE_ABSTAIN,
final18__positive,rhythmalign_v1_2_0,POSITIVE,INTERFERENCE,S08,final18,False,ABSTAIN,,2.388125,SAFE_ABSTAIN,SAFE_ABSTAIN,SAFE_ABSTAIN,
final18__wrong_ref,gcc_phat_argmax_v1,WRONG_REFERENCE,INTERFERENCE,S08,final18,False,ACCEPT,-43.6035,,WRONG_ACCEPT,WRONG_ACCEPT,WRONG_ACCEPT,
final18__wrong_ref,ncc_argmax_v1,WRONG_REFERENCE,INTERFERENCE,S08,final18,False,ACCEPT,-149.42452083333333,,WRONG_ACCEPT,WRONG_ACCEPT,WRONG_ACCEPT,
final18__wrong_ref,panako_fingerprint,WRONG_REFERENCE,INTERFERENCE,S08,final18,False,NO_MATCH,,,SAFE_ABSTAIN,SAFE_ABSTAIN,SAFE_ABSTAIN,
final18__wrong_ref,rhythmalign_v1_2_0,WRONG_REFERENCE,INTERFERENCE,S08,final18,False,ABSTAIN,,,SAFE_ABSTAIN,SAFE_ABSTAIN,SAFE_ABSTAIN,
final19__positive,gcc_phat_argmax_v1,POSITIVE,INTERFERENCE,S09,final19,False,ACCEPT,-43.83795833333333,2.1536875,WRONG_ACCEPT,WRONG_ACCEPT,WRONG_ACCEPT,45.99164583333334
final19__positive,ncc_argmax_v1,POSITIVE,INTERFERENCE,S09,final19,False,ACCEPT,-150.2960625,2.1536875,WRONG_ACCEPT,WRONG_ACCEPT,WRONG_ACCEPT,152.44975
final19__positive,panako_fingerprint,POSITIVE,INTERFERENCE,S09,final19,False,NO_MATCH,,2.1536875,SAFE_ABSTAIN,SAFE_ABSTAIN,SAFE_ABSTAIN,
final19__positive,rhythmalign_v1_2_0,POSITIVE,INTERFERENCE,S09,final19,False,ACCEPT,2.159455782312925,2.1536875,CORRECT_ACCEPT,CORRECT_ACCEPT,CORRECT_ACCEPT,0.005768282312924811
final19__wrong_ref,gcc_phat_argmax_v1,WRONG_REFERENCE,INTERFERENCE,S09,final19,False,ACCEPT,-73.88254166666667,,WRONG_ACCEPT,WRONG_ACCEPT,WRONG_ACCEPT,
final19__wrong_ref,ncc_argmax_v1,WRONG_REFERENCE,INTERFERENCE,S09,final19,False,ACCEPT,-149.2135,,WRONG_ACCEPT,WRONG_ACCEPT,WRONG_ACCEPT,
final19__wrong_ref,panako_fingerprint,WRONG_REFERENCE,INTERFERENCE,S09,final19,False,NO_MATCH,,,SAFE_ABSTAIN,SAFE_ABSTAIN,SAFE_ABSTAIN,
final19__wrong_ref,rhythmalign_v1_2_0,WRONG_REFERENCE,INTERFERENCE,S09,final19,False,ABSTAIN,,,SAFE_ABSTAIN,SAFE_ABSTAIN,SAFE_ABSTAIN,
final20__positive,gcc_phat_argmax_v1,POSITIVE,INTERFERENCE,S10,final20,False,ACCEPT,-72.96345833333334,3.072791666666667,WRONG_ACCEPT,WRONG_ACCEPT,WRONG_ACCEPT,76.03625
final20__positive,ncc_argmax_v1,POSITIVE,INTERFERENCE,S10,final20,False,ACCEPT,-149.81139583333334,3.072791666666667,WRONG_ACCEPT,WRONG_ACCEPT,WRONG_ACCEPT,152.8841875
final20__positive,panako_fingerprint,POSITIVE,INTERFERENCE,S10,final20,False,NO_MATCH,,3.072791666666667,SAFE_ABSTAIN,SAFE_ABSTAIN,SAFE_ABSTAIN,
final20__positive,rhythmalign_v1_2_0,POSITIVE,INTERFERENCE,S10,final20,False,ABSTAIN,,3.072791666666667,SAFE_ABSTAIN,SAFE_ABSTAIN,SAFE_ABSTAIN,
final20__wrong_ref,gcc_phat_argmax_v1,WRONG_REFERENCE,INTERFERENCE,S10,final20,False,ACCEPT,-58.8200625,,WRONG_ACCEPT,WRONG_ACCEPT,WRONG_ACCEPT,
final20__wrong_ref,ncc_argmax_v1,WRONG_REFERENCE,INTERFERENCE,S10,final20,False,ACCEPT,-147.74429166666667,,WRONG_ACCEPT,WRONG_ACCEPT,WRONG_ACCEPT,
final20__wrong_ref,panako_fingerprint,WRONG_REFERENCE,INTERFERENCE,S10,final20,False,NO_MATCH,,,SAFE_ABSTAIN,SAFE_ABSTAIN,SAFE_ABSTAIN,
final20__wrong_ref,rhythmalign_v1_2_0,WRONG_REFERENCE,INTERFERENCE,S10,final20,False,ABSTAIN,,,SAFE_ABSTAIN,SAFE_ABSTAIN,SAFE_ABSTAIN,
final21__positive,gcc_phat_argmax_v1,POSITIVE,PARTIAL,S01,final21,False,ACCEPT,97.649375,-86.45610416666666,WRONG_ACCEPT,WRONG_ACCEPT,WRONG_ACCEPT,184.10547916666667
final21__positive,ncc_argmax_v1,POSITIVE,PARTIAL,S01,final21,False,ACCEPT,-86.45225,-86.45610416666666,CORRECT_ACCEPT,CORRECT_ACCEPT,CORRECT_ACCEPT,0.003854166666656056
final21__positive,panako_fingerprint,POSITIVE,PARTIAL,S01,final21,False,NO_MATCH,,-86.45610416666666,SAFE_ABSTAIN,SAFE_ABSTAIN,SAFE_ABSTAIN,
final21__positive,rhythmalign_v1_2_0,POSITIVE,PARTIAL,S01,final21,False,ACCEPT,-86.44789115646259,-86.45610416666666,CORRECT_ACCEPT,CORRECT_ACCEPT,CORRECT_ACCEPT,0.008213010204073612
final21__wrong_ref,gcc_phat_argmax_v1,WRONG_REFERENCE,PARTIAL,S01,final21,False,ACCEPT,90.3091875,,WRONG_ACCEPT,WRONG_ACCEPT,WRONG_ACCEPT,
final21__wrong_ref,ncc_argmax_v1,WRONG_REFERENCE,PARTIAL,S01,final21,False,ACCEPT,63.828270833333335,,WRONG_ACCEPT,WRONG_ACCEPT,WRONG_ACCEPT,
final21__wrong_ref,panako_fingerprint,WRONG_REFERENCE,PARTIAL,S01,final21,False,NO_MATCH,,,SAFE_ABSTAIN,SAFE_ABSTAIN,SAFE_ABSTAIN,
final21__wrong_ref,rhythmalign_v1_2_0,WRONG_REFERENCE,PARTIAL,S01,final21,False,ABSTAIN,,,SAFE_ABSTAIN,SAFE_ABSTAIN,SAFE_ABSTAIN,
final22__positive,gcc_phat_argmax_v1,POSITIVE,PARTIAL,S02,final22,False,ACCEPT,-84.86227083333333,-84.86214616666666,CORRECT_ACCEPT,CORRECT_ACCEPT,CORRECT_ACCEPT,0.0001246666666645524
final22__positive,ncc_argmax_v1,POSITIVE,PARTIAL,S02,final22,False,ACCEPT,-84.85825,-84.86214616666666,CORRECT_ACCEPT,CORRECT_ACCEPT,CORRECT_ACCEPT,0.003896166666663703
final22__positive,panako_fingerprint,POSITIVE,PARTIAL,S02,final22,False,NO_MATCH,,-84.86214616666666,SAFE_ABSTAIN,SAFE_ABSTAIN,SAFE_ABSTAIN,
final22__positive,rhythmalign_v1_2_0,POSITIVE,PARTIAL,S02,final22,False,ACCEPT,-84.86893424036282,-84.86214616666666,CORRECT_ACCEPT,CORRECT_ACCEPT,CORRECT_ACCEPT,0.006788073696156971
final22__wrong_ref,gcc_phat_argmax_v1,WRONG_REFERENCE,PARTIAL,S02,final22,False,ACCEPT,-74.97389583333333,,WRONG_ACCEPT,WRONG_ACCEPT,WRONG_ACCEPT,
final22__wrong_ref,ncc_argmax_v1,WRONG_REFERENCE,PARTIAL,S02,final22,False,ACCEPT,59.2079375,,WRONG_ACCEPT,WRONG_ACCEPT,WRONG_ACCEPT,
final22__wrong_ref,panako_fingerprint,WRONG_REFERENCE,PARTIAL,S02,final22,False,NO_MATCH,,,SAFE_ABSTAIN,SAFE_ABSTAIN,SAFE_ABSTAIN,
final22__wrong_ref,rhythmalign_v1_2_0,WRONG_REFERENCE,PARTIAL,S02,final22,False,ABSTAIN,,,SAFE_ABSTAIN,SAFE_ABSTAIN,SAFE_ABSTAIN,
final23__positive,gcc_phat_argmax_v1,POSITIVE,DEVICE_VARIATION,S09,final23,False,ACCEPT,-42.3415,3.650125,WRONG_ACCEPT,WRONG_ACCEPT,WRONG_ACCEPT,45.991625000000006
final23__positive,ncc_argmax_v1,POSITIVE,DEVICE_VARIATION,S09,final23,False,ACCEPT,59.82295833333333,3.650125,WRONG_ACCEPT,WRONG_ACCEPT,WRONG_ACCEPT,56.17283333333333
final23__positive,panako_fingerprint,POSITIVE,DEVICE_VARIATION,S09,final23,False,NO_MATCH,,3.650125,SAFE_ABSTAIN,SAFE_ABSTAIN,SAFE_ABSTAIN,
final23__positive,rhythmalign_v1_2_0,POSITIVE,DEVICE_VARIATION,S09,final23,False,ACCEPT,3.645532879818594,3.650125,CORRECT_ACCEPT,CORRECT_ACCEPT,CORRECT_ACCEPT,0.004592120181405868
final23__wrong_ref,gcc_phat_argmax_v1,WRONG_REFERENCE,DEVICE_VARIATION,S09,final23,False,ACCEPT,30.591583333333332,,WRONG_ACCEPT,WRONG_ACCEPT,WRONG_ACCEPT,
final23__wrong_ref,ncc_argmax_v1,WRONG_REFERENCE,DEVICE_VARIATION,S09,final23,False,ACCEPT,-80.25435416666667,,WRONG_ACCEPT,WRONG_ACCEPT,WRONG_ACCEPT,
final23__wrong_ref,panako_fingerprint,WRONG_REFERENCE,DEVICE_VARIATION,S09,final23,False,NO_MATCH,,,SAFE_ABSTAIN,SAFE_ABSTAIN,SAFE_ABSTAIN,
final23__wrong_ref,rhythmalign_v1_2_0,WRONG_REFERENCE,DEVICE_VARIATION,S09,final23,False,ABSTAIN,,,SAFE_ABSTAIN,SAFE_ABSTAIN,SAFE_ABSTAIN,
final24__positive,gcc_phat_argmax_v1,POSITIVE,DEVICE_VARIATION,S10,final24,False,ACCEPT,-73.01735416666666,3.018895833333333,WRONG_ACCEPT,WRONG_ACCEPT,WRONG_ACCEPT,76.03625
final24__positive,ncc_argmax_v1,POSITIVE,DEVICE_VARIATION,S10,final24,False,ACCEPT,3.0210625,3.018895833333333,CORRECT_ACCEPT,CORRECT_ACCEPT,CORRECT_ACCEPT,0.002166666666667094
final24__positive,panako_fingerprint,POSITIVE,DEVICE_VARIATION,S10,final24,False,NO_MATCH,,3.018895833333333,SAFE_ABSTAIN,SAFE_ABSTAIN,SAFE_ABSTAIN,
final24__positive,rhythmalign_v1_2_0,POSITIVE,DEVICE_VARIATION,S10,final24,False,ABSTAIN,,3.018895833333333,SAFE_ABSTAIN,SAFE_ABSTAIN,SAFE_ABSTAIN,
final24__wrong_ref,gcc_phat_argmax_v1,WRONG_REFERENCE,DEVICE_VARIATION,S10,final24,False,ACCEPT,-69.855875,,WRONG_ACCEPT,WRONG_ACCEPT,WRONG_ACCEPT,
final24__wrong_ref,ncc_argmax_v1,WRONG_REFERENCE,DEVICE_VARIATION,S10,final24,False,ACCEPT,-153.30458333333334,,WRONG_ACCEPT,WRONG_ACCEPT,WRONG_ACCEPT,
final24__wrong_ref,panako_fingerprint,WRONG_REFERENCE,DEVICE_VARIATION,S10,final24,False,NO_MATCH,,,SAFE_ABSTAIN,SAFE_ABSTAIN,SAFE_ABSTAIN,
final24__wrong_ref,rhythmalign_v1_2_0,WRONG_REFERENCE,DEVICE_VARIATION,S10,final24,False,ABSTAIN,,,SAFE_ABSTAIN,SAFE_ABSTAIN,SAFE_ABSTAIN,
repeat01__positive,gcc_phat_argmax_v1,POSITIVE,ORDINARY_REPEAT_STRICT_PAIR_OF_FINAL01,S01,repeat01,True,ACCEPT,-58.64427083333333,3.2505625,WRONG_ACCEPT,WRONG_ACCEPT,WRONG_ACCEPT,61.89483333333333
repeat01__positive,ncc_argmax_v1,POSITIVE,ORDINARY_REPEAT_STRICT_PAIR_OF_FINAL01,S01,repeat01,True,ACCEPT,3.2545208333333333,3.2505625,CORRECT_ACCEPT,CORRECT_ACCEPT,CORRECT_ACCEPT,0.003958333333333286
repeat01__positive,panako_fingerprint,POSITIVE,ORDINARY_REPEAT_STRICT_PAIR_OF_FINAL01,S01,repeat01,True,NO_MATCH,,3.2505625,SAFE_ABSTAIN,SAFE_ABSTAIN,SAFE_ABSTAIN,
repeat01__positive,rhythmalign_v1_2_0,POSITIVE,ORDINARY_REPEAT_STRICT_PAIR_OF_FINAL01,S01,repeat01,True,ACCEPT,3.250793650793651,3.2505625,CORRECT_ACCEPT,CORRECT_ACCEPT,CORRECT_ACCEPT,0.00023115079365076951
repeat02__positive,gcc_phat_argmax_v1,POSITIVE,ORDINARY_REPEAT_STRICT_PAIR_OF_FINAL02,S02,repeat02,True,ACCEPT,-64.2270625,2.847958333333333,WRONG_ACCEPT,WRONG_ACCEPT,WRONG_ACCEPT,67.07502083333334
repeat02__positive,ncc_argmax_v1,POSITIVE,ORDINARY_REPEAT_STRICT_PAIR_OF_FINAL02,S02,repeat02,True,ACCEPT,2.851875,2.847958333333333,CORRECT_ACCEPT,CORRECT_ACCEPT,CORRECT_ACCEPT,0.0039166666666670125
repeat02__positive,panako_fingerprint,POSITIVE,ORDINARY_REPEAT_STRICT_PAIR_OF_FINAL02,S02,repeat02,True,NO_MATCH,,2.847958333333333,SAFE_ABSTAIN,SAFE_ABSTAIN,SAFE_ABSTAIN,
repeat02__positive,rhythmalign_v1_2_0,POSITIVE,ORDINARY_REPEAT_STRICT_PAIR_OF_FINAL02,S02,repeat02,True,ACCEPT,2.8560544217687074,2.847958333333333,CORRECT_ACCEPT,CORRECT_ACCEPT,CORRECT_ACCEPT,0.008096088435374238
